"Route","Navigation label","Status","Purpose/workflow","Store/actions","Persistence","Empty state","Loading state","Keyboard","Responsive","Tests","Missing tests","Limitations","Release status"
"#dashboard","Dashboard","shipped","Command Brief, daily loop, widgets","useStore/useUi and domain selectors (route-dependent)","IndexedDB workspace where stateful","Empty state sampled at 1440/768/390","No route-specific loading except lazy games","Sidebar/hash; controls route-dependent","No overflow in sampled viewports","unit + E2E widgets","Populate-state and exhaustive keyboard tests missing on several secondary routes","Candidate/qualified per status"
"#courses","Courses","shipped","Term/course folder map","useStore/useUi and domain selectors (route-dependent)","IndexedDB workspace where stateful","Empty state sampled at 1440/768/390","No route-specific loading except lazy games","Sidebar/hash; controls route-dependent","No overflow in sampled viewports","unit varies; browser smoke","Populate-state and exhaustive keyboard tests missing on several secondary routes","Candidate/qualified per status"
"#tracker","Course Tracker","shipped","Lecture/DLA/PQ completion","useStore/useUi and domain selectors (route-dependent)","IndexedDB workspace where stateful","Empty state sampled at 1440/768/390","No route-specific loading except lazy games","Sidebar/hash; controls route-dependent","No overflow in sampled viewports","unit varies; browser smoke","Populate-state and exhaustive keyboard tests missing on several secondary routes","Candidate/qualified per status"
"#questions","Question Bank","new","Import, library, sets, blocks, analytics","useStore/useUi and domain selectors (route-dependent)","IndexedDB workspace where stateful","Empty state sampled at 1440/768/390","No route-specific loading except lazy games","Sidebar/hash; controls route-dependent","No overflow in sampled viewports","unit + E2E persistence","Populate-state and exhaustive keyboard tests missing on several secondary routes","Candidate/qualified per status"
"#methods","Study Methods","new","Evidence-informed templates","useStore/useUi and domain selectors (route-dependent)","IndexedDB workspace where stateful","Empty state sampled at 1440/768/390","No route-specific loading except lazy games","Sidebar/hash; controls route-dependent","No overflow in sampled viewports","unit varies; browser smoke","Populate-state and exhaustive keyboard tests missing on several secondary routes","Candidate/qualified per status"
"#anki","Anki Lab","wip","Card generation/review/vault","useStore/useUi and domain selectors (route-dependent)","IndexedDB workspace where stateful","Empty state sampled at 1440/768/390","No route-specific loading except lazy games","Sidebar/hash; controls route-dependent","No overflow in sampled viewports","unit varies; browser smoke","Populate-state and exhaustive keyboard tests missing on several secondary routes","Not an Alpha capability"
"#resources","Resources","shipped","Saved links and import","useStore/useUi and domain selectors (route-dependent)","IndexedDB workspace where stateful","Empty state sampled at 1440/768/390","No route-specific loading except lazy games","Sidebar/hash; controls route-dependent","No overflow in sampled viewports","unit varies; browser smoke","Populate-state and exhaustive keyboard tests missing on several secondary routes","Candidate/qualified per status"
"#step","USMLE / Shelf Prep","wip","Board blueprint strategy","useStore/useUi and domain selectors (route-dependent)","IndexedDB workspace where stateful","Empty state sampled at 1440/768/390","No route-specific loading except lazy games","Sidebar/hash; controls route-dependent","No overflow in sampled viewports","unit varies; browser smoke","Populate-state and exhaustive keyboard tests missing on several secondary routes","Not an Alpha capability"
"#step2","Step 2 CK","shipped-subroute","Clinical reasoning blueprint","useStore/useUi and domain selectors (route-dependent)","IndexedDB workspace where stateful","Empty state sampled at 1440/768/390","No route-specific loading except lazy games","Sidebar/hash; controls route-dependent","No overflow in sampled viewports","unit varies; browser smoke","Populate-state and exhaustive keyboard tests missing on several secondary routes","Candidate/qualified per status"
"#dedicated","Dedicated Prep","shipped-subroute","Exam runway","useStore/useUi and domain selectors (route-dependent)","IndexedDB workspace where stateful","Empty state sampled at 1440/768/390","No route-specific loading except lazy games","Sidebar/hash; controls route-dependent","No overflow in sampled viewports","unit varies; browser smoke","Populate-state and exhaustive keyboard tests missing on several secondary routes","Candidate/qualified per status"
"#shelf","Shelf Exams","shipped-subroute","Rotation exam prep","useStore/useUi and domain selectors (route-dependent)","IndexedDB workspace where stateful","Empty state sampled at 1440/768/390","No route-specific loading except lazy games","Sidebar/hash; controls route-dependent","No overflow in sampled viewports","unit varies; browser smoke","Populate-state and exhaustive keyboard tests missing on several secondary routes","Candidate/qualified per status"
"#step3","Step 3","shipped-subroute","Independent practice/CCS","useStore/useUi and domain selectors (route-dependent)","IndexedDB workspace where stateful","Empty state sampled at 1440/768/390","No route-specific loading except lazy games","Sidebar/hash; controls route-dependent","No overflow in sampled viewports","unit varies; browser smoke","Populate-state and exhaustive keyboard tests missing on several secondary routes","Candidate/qualified per status"
"#premed","Pre-Med / MCAT / DAT","wip","Application runway","useStore/useUi and domain selectors (route-dependent)","IndexedDB workspace where stateful","Empty state sampled at 1440/768/390","No route-specific loading except lazy games","Sidebar/hash; controls route-dependent","No overflow in sampled viewports","unit varies; browser smoke","Populate-state and exhaustive keyboard tests missing on several secondary routes","Not an Alpha capability"
"#mcat","MCAT","shipped-subroute","AAMC blueprint","useStore/useUi and domain selectors (route-dependent)","IndexedDB workspace where stateful","Empty state sampled at 1440/768/390","No route-specific loading except lazy games","Sidebar/hash; controls route-dependent","No overflow in sampled viewports","unit varies; browser smoke","Populate-state and exhaustive keyboard tests missing on several secondary routes","Candidate/qualified per status"
"#dat","DAT","shipped-subroute","DAT blueprint","useStore/useUi and domain selectors (route-dependent)","IndexedDB workspace where stateful","Empty state sampled at 1440/768/390","No route-specific loading except lazy games","Sidebar/hash; controls route-dependent","No overflow in sampled viewports","unit varies; browser smoke","Populate-state and exhaustive keyboard tests missing on several secondary routes","Candidate/qualified per status"
"#casper","CASPer","shipped-subroute","SJT preparation","useStore/useUi and domain selectors (route-dependent)","IndexedDB workspace where stateful","Empty state sampled at 1440/768/390","No route-specific loading except lazy games","Sidebar/hash; controls route-dependent","No overflow in sampled viewports","unit varies; browser smoke","Populate-state and exhaustive keyboard tests missing on several secondary routes","Candidate/qualified per status"
"#premed-log","Experience Log","shipped","Activities/evidence/export","useStore/useUi and domain selectors (route-dependent)","IndexedDB workspace where stateful","Empty state sampled at 1440/768/390","No route-specific loading except lazy games","Sidebar/hash; controls route-dependent","No overflow in sampled viewports","unit varies; browser smoke","Populate-state and exhaustive keyboard tests missing on several secondary routes","Candidate/qualified per status"
"#activity","Activity History","shipped","Local study ledger/export","useStore/useUi and domain selectors (route-dependent)","IndexedDB workspace where stateful","Empty state sampled at 1440/768/390","No route-specific loading except lazy games","Sidebar/hash; controls route-dependent","No overflow in sampled viewports","unit varies; browser smoke","Populate-state and exhaustive keyboard tests missing on several secondary routes","Candidate/qualified per status"
"#reports","Reports","shipped","Traceable statistics","useStore/useUi and domain selectors (route-dependent)","IndexedDB workspace where stateful","Empty state sampled at 1440/768/390","No route-specific loading except lazy games","Sidebar/hash; controls route-dependent","No overflow in sampled viewports","unit varies; browser smoke","Populate-state and exhaustive keyboard tests missing on several secondary routes","Candidate/qualified per status"
"#productivity","Productivity","shipped","Logging, targets, Pomodoro","useStore/useUi and domain selectors (route-dependent)","IndexedDB workspace where stateful","Empty state sampled at 1440/768/390","No route-specific loading except lazy games","Sidebar/hash; controls route-dependent","No overflow in sampled viewports","unit + E2E tour","Populate-state and exhaustive keyboard tests missing on several secondary routes","Candidate/qualified per status"
"#tasks","Tasks","shipped","Open/completed work","useStore/useUi and domain selectors (route-dependent)","IndexedDB workspace where stateful","Empty state sampled at 1440/768/390","No route-specific loading except lazy games","Sidebar/hash; controls route-dependent","No overflow in sampled viewports","unit varies; browser smoke","Populate-state and exhaustive keyboard tests missing on several secondary routes","Candidate/qualified per status"
"#habits","Habit Tracker","wip","Recovery-friendly habits","useStore/useUi and domain selectors (route-dependent)","IndexedDB workspace where stateful","Empty state sampled at 1440/768/390","No route-specific loading except lazy games","Sidebar/hash; controls route-dependent","No overflow in sampled viewports","unit varies; browser smoke","Populate-state and exhaustive keyboard tests missing on several secondary routes","Not an Alpha capability"
"#journal","Journal","shipped","Notebook, autosave, closeout","useStore/useUi and domain selectors (route-dependent)","IndexedDB workspace where stateful","Empty state sampled at 1440/768/390","No route-specific loading except lazy games","Sidebar/hash; controls route-dependent","No overflow in sampled viewports","unit varies; browser smoke","Populate-state and exhaustive keyboard tests missing on several secondary routes","Candidate/qualified per status"
"#integrations","Integrations","wip","Anki and future connectors","useStore/useUi and domain selectors (route-dependent)","IndexedDB workspace where stateful","Empty state sampled at 1440/768/390","No route-specific loading except lazy games","Sidebar/hash; controls route-dependent","No overflow in sampled viewports","unit varies; browser smoke","Populate-state and exhaustive keyboard tests missing on several secondary routes","Not an Alpha capability"
"#prompts","Prompt Library","shipped","Reusable prompts","useStore/useUi and domain selectors (route-dependent)","IndexedDB workspace where stateful","Empty state sampled at 1440/768/390","No route-specific loading except lazy games","Sidebar/hash; controls route-dependent","No overflow in sampled viewports","unit varies; browser smoke","Populate-state and exhaustive keyboard tests missing on several secondary routes","Candidate/qualified per status"
"#folders","Hub Folders","shipped","Modular shortcuts","useStore/useUi and domain selectors (route-dependent)","IndexedDB workspace where stateful","Empty state sampled at 1440/768/390","No route-specific loading except lazy games","Sidebar/hash; controls route-dependent","No overflow in sampled viewports","unit varies; browser smoke","Populate-state and exhaustive keyboard tests missing on several secondary routes","Candidate/qualified per status"
"#about","About","shipped","Identity/version/project","useStore/useUi and domain selectors (route-dependent)","IndexedDB workspace where stateful","Empty state sampled at 1440/768/390","No route-specific loading except lazy games","Sidebar/hash; controls route-dependent","No overflow in sampled viewports","unit varies; browser smoke","Populate-state and exhaustive keyboard tests missing on several secondary routes","Candidate/qualified per status"
"#help","Help","shipped","Tours, guide, feedback","useStore/useUi and domain selectors (route-dependent)","IndexedDB workspace where stateful","Empty state sampled at 1440/768/390","No route-specific loading except lazy games","Sidebar/hash; controls route-dependent","No overflow in sampled viewports","unit varies; browser smoke","Populate-state and exhaustive keyboard tests missing on several secondary routes","Candidate/qualified per status"
"#appchecker","Application Checker","under-construction","Application tracking","useStore/useUi and domain selectors (route-dependent)","IndexedDB workspace where stateful","Empty state sampled at 1440/768/390","No route-specific loading except lazy games","Sidebar/hash; controls route-dependent","No overflow in sampled viewports","unit varies; browser smoke","Populate-state and exhaustive keyboard tests missing on several secondary routes","Not an Alpha capability"
"#leaderboards","Leaderboards","under-construction","Opt-in accountability","useStore/useUi and domain selectors (route-dependent)","IndexedDB workspace where stateful","Empty state sampled at 1440/768/390","No route-specific loading except lazy games","Sidebar/hash; controls route-dependent","No overflow in sampled viewports","unit varies; browser smoke","Populate-state and exhaustive keyboard tests missing on several secondary routes","Not an Alpha capability"
"#daily-word","Daily Word","new-opt-in","Offline daily puzzle","useStore/useUi and domain selectors (route-dependent)","IndexedDB workspace + device preference","Empty state sampled at 1440/768/390","No route-specific loading except lazy games","Sidebar/hash; controls route-dependent","No overflow in sampled viewports","unit + E2E","Populate-state and exhaustive keyboard tests missing on several secondary routes","Candidate/qualified per status"
"#doctordle","Doctordle","wip","Approval/integration placeholder","useStore/useUi and domain selectors (route-dependent)","IndexedDB workspace + device preference","Empty state sampled at 1440/768/390","No route-specific loading except lazy games","Sidebar/hash; controls route-dependent","No overflow in sampled viewports","unit varies; browser smoke","Populate-state and exhaustive keyboard tests missing on several secondary routes","Not an Alpha capability"
